{"stat.chestOpened":1,"stat.mineBlock.biomesoplenty.log_4":2,"stat.pickup.minecraft.double_plant":1,"stat.walkOneCm":295932,"stat.mineBlock.biomesoplenty.leaves_2":1,"stat.leaveGame":5,"stat.pickup.minecraft.gravel":3,"stat.mineBlock.ebwizardry.crystal_flower":7,"stat.craftItem.minecraft.crafting_table":1,"stat.mineBlock.minecraft.yellow_flower":1,"stat.entityKilledBy.Witch":1,"stat.mineBlock.minecraft.double_plant":2,"stat.useItem.minecraft.porkchop":4,"stat.craftItem.biomesoplenty.planks_0":40,"stat.useItem.minecraft.mutton":2,"stat.swimOneCm":36241,"stat.jump":1230,"stat.climbOneCm":5998,"stat.fallOneCm":18308,"stat.entityKilledBy.ebwizardry:wizard":1,"stat.useItem.tombstone.gift":1,"stat.pickup.tombstone.crafting_ingredient":2,"stat.entityKilledBy.Skeleton":1,"stat.pickup.minecraft.porkchop":5,"stat.crouchOneCm":1632,"stat.mineBlock.biomesoplenty.waterlily":1,"stat.pickup.minecraft.sapling":4,"stat.pickup.minecraft.dirt":51,"stat.useItem.minecraft.dirt":26,"stat.sprintOneCm":109488,"stat.useItem.minecraft.stone_slab2":9,"stat.mineBlock.biomesoplenty.flower_0":1,"stat.mineBlock.biomesoplenty.log_0":10,"stat.mineBlock.biomesoplenty.grass":1,"stat.craftItem.minecraft.stick":4,"stat.craftingTableInteraction":1,"stat.pickup.minecraft.rotten_flesh":2,"stat.pickup.minecraft.sand":1,"stat.pickup.biomesoplenty.log_4":2,"stat.entityKilledBy.ebwizardry:evil_wizard":2,"stat.boatOneCm":79369,"stat.pickup.biomesoplenty.log_0":10,"stat.useItem.minecraft.egg":2,"stat.damageTaken":1760,"stat.pickup.biomesoplenty.berries":16,"stat.mineBlock.minecraft.red_flower":4,"stat.mobKills":5,"stat.mineBlock.biomesoplenty.double_plant":3,"stat.craftItem.minecraft.wooden_sword":1,"stat.mineBlock.biomesoplenty.plant_0":32,"stat.pickup.ebwizardry.crystal_flower":7,"stat.pickup.ebwizardry.novice_sorcery_wand":1,"stat.flyOneCm":38084,"stat.deaths":7,"stat.pickup.minecraft.wheat_seeds":3,"stat.pickup.minecraft.egg":2,"stat.mineBlock.minecraft.leaves":22,"stat.mineBlock.minecraft.sand":1,"stat.playOneMinute":109476,"stat.entityKilledBy.Zombie":1,"stat.useItem.minecraft.wooden_sword":27,"stat.mineBlock.minecraft.gravel":3,"stat.pickup.minecraft.torch":1,"stat.killEntity.Sheep":3,"stat.pickup.minecraft.red_flower":4,"stat.sneakTime":947,"stat.pickup.biomesoplenty.waterlily":1,"stat.pickup.minecraft.wool":4,"stat.damageDealt":1142,"stat.sleepInBed":2,"stat.timeSinceDeath":35731,"stat.useItem.biomesoplenty.berries":4,"stat.pickup.minecraft.yellow_flower":1,"stat.mineBlock.minecraft.dirt":54,"stat.craftItem.minecraft.wooden_pickaxe":1,"stat.killEntity.Pig":2,"stat.mineBlock.minecraft.tallgrass":21,"stat.pickup.minecraft.mutton":6,"stat.diveOneCm":37277}