{"stat.flyOneCm":160520,"stat.deaths":1,"stat.walkOneCm":9098,"stat.drop":1,"stat.jump":183,"stat.swimOneCm":1435,"stat.mineBlock.minecraft.leaves":2,"stat.playOneMinute":26311,"stat.fallOneCm":11268,"stat.leaveGame":1,"stat.sneakTime":42,"stat.damageTaken":290,"stat.pickup.minecraft.stonebrick":7,"stat.drop.minecraft.sapling":1,"stat.crouchOneCm":110,"stat.timeSinceDeath":339,"stat.pickup.minecraft.sapling":1,"stat.sprintOneCm":25416,"stat.useItem.minecraft.stone_slab2":1,"stat.useItem.minecraft.stonebrick":5,"stat.diveOneCm":4980}