{"stat.craftItem.minecraft.diamond_chestplate":1,"stat.useItem.minecraft.bow":111,"stat.pickup.minecraft.bone":67,"stat.pickup.minecraft.redstone_torch":1,"stat.useItem.minecraft.iron_axe":129,"stat.leaveGame":9,"stat.mineBlock.minecraft.cobblestone":1,"stat.pickup.cqrepoured.boots_iron_dyable":2,"stat.craftItem.minecraft.iron_axe":1,"stat.mineBlock.minecraft.purple_shulker_box":10,"stat.pickup.minecraft.leather_chestplate":2,"stat.useItem.minecraft.diamond_sword":7,"stat.pickup.minecraft.dark_oak_boat":3,"stat.swimOneCm":34391,"stat.climbOneCm":10974,"stat.useItem.minecraft.planks":187,"stat.pickup.minecraft.enchanted_book":3,"stat.pickup.minecraft.porkchop":27,"stat.useItem.minecraft.dirt":10,"stat.useItem.minecraft.stone_slab2":48,"stat.pickup.minecraft.bow":6,"stat.pickup.minecraft.iron_boots":1,"stat.mineBlock.minecraft.stone_brick_stairs":1,"stat.pickup.minecraft.rotten_flesh":11,"stat.pickup.minecraft.sand":1,"stat.craftItem.minecraft.furnace":1,"stat.useItem.minecraft.egg":3,"stat.craftItem.minecraft.stone_axe":1,"stat.craftItem.minecraft.iron_boots":1,"stat.pickup.minecraft.anvil":4,"stat.craftItem.minecraft.stone_pickaxe":1,"stat.craftItem.minecraft.cooked_beef":36,"stat.pickup.minecraft.cobblestone":33,"stat.mineBlock.biomesoplenty.double_plant":3,"stat.flyOneCm":946650,"stat.useItem.tombstone.scroll_buff":7,"stat.pickup.minecraft.chainmail_chestplate":1,"stat.mineBlock.minecraft.sand":1,"stat.drop.minecraft.wheat_seeds":4,"stat.useItem.minecraft.cooked_beef":31,"stat.mineBlock.minecraft.iron_ore":22,"stat.timeSinceDeath":82987,"stat.pickup.cqrepoured.staff_healing":3,"stat.useItem.minecraft.iron_pickaxe":42,"stat.useItem.minecraft.sign":2,"stat.craftItem.minecraft.wooden_pickaxe":1,"stat.pickup.minecraft.mutton":7,"stat.pickup.cqrepoured.leggings_iron_dyable":2,"stat.mineBlock.biomesoplenty.log_2":30,"stat.pickup.minecraft.double_plant":2,"stat.mineBlock.biomesoplenty.dirt":8,"stat.craftItem.minecraft.bed":1,"stat.mineBlock.minecraft.hopper":1,"stat.pickup.minecraft.stonebrick":6,"stat.furnaceInteraction":20,"stat.useItem.minecraft.cooked_porkchop":39,"stat.mineBlock.minecraft.coal_ore":48,"stat.killEntity.Creeper":1,"stat.pickup.minecraft.shield":1,"stat.pickup.minecraft.string":1,"stat.pickup.minecraft.beef":2,"stat.pickup.minecraft.furnace":6,"stat.useItem.minecraft.cooked_mutton":7,"stat.pickup.tombstone.crafting_ingredient":8,"stat.pickup.minecraft.totem_of_undying":2,"stat.craftItem.minecraft.stone_slab2":0,"stat.killEntity.cqr_walker":21,"stat.sprintOneCm":430607,"stat.mineBlock.minecraft.stone_slab":1,"stat.pickup.minecraft.skull":3,"stat.craftItem.minecraft.stick":16,"stat.craftItem.minecraft.wooden_axe":1,"stat.pickup.tombstone.magic_scroll":2,"stat.useItem.tombstone.magic_scroll":2,"stat.mineBlock.minecraft.crafting_table":6,"stat.pickup.minecraft.emerald":15,"stat.useItem.tombstone.scroll_of_knowledge":1,"stat.craftItem.minecraft.dark_oak_boat":2,"stat.mineBlock.minecraft.planks":13,"stat.deaths":7,"stat.drop":18,"stat.pickup.minecraft.egg":11,"stat.playOneMinute":192472,"stat.killEntity.Sheep":6,"stat.killEntity.cqr_skeleton":58,"stat.craftItem.minecraft.iron_pickaxe":1,"stat.useItem.cqrepoured.great_sword_iron":156,"stat.killEntity.Zombie":3,"stat.mineBlock.minecraft.tallgrass":28,"stat.craftItem.minecraft.cooked_mutton":7,"stat.diveOneCm":26765,"stat.pickup.minecraft.wheat":1,"stat.chestOpened":107,"stat.craftItem.minecraft.sign":3,"stat.pickup.minecraft.sign":1,"stat.pickup.minecraft.arrow":75,"stat.pickup.minecraft.iron_sword":2,"stat.craftItem.minecraft.cooked_porkchop":39,"stat.killEntity.EvocationIllager":2,"stat.mineBlock.minecraft.anvil":4,"stat.useItem.minecraft.diamond_axe":95,"stat.pickup.minecraft.purple_shulker_box":10,"stat.killEntity.Vex":1,"stat.killEntity.cqr_necromancer":1,"stat.craftItem.biomesoplenty.planks_0":116,"stat.pickup.minecraft.stone_brick_stairs":1,"stat.pickup.minecraft.diamond_sword":1,"stat.jump":3702,"stat.pickup.minecraft.coal":237,"stat.fallOneCm":158477,"stat.useItem.minecraft.dark_oak_boat":3,"stat.pickup.cqrepoured.helmet_iron_dyable":3,"stat.pickup.minecraft.carrot":3,"stat.useItem.minecraft.stone_axe":127,"stat.pickup.minecraft.gunpowder":1,"stat.crouchOneCm":35004,"stat.pickup.minecraft.spider_eye":2,"stat.craftItem.minecraft.iron_ingot":22,"stat.craftItem.minecraft.chest":2,"stat.pickup.minecraft.dirt":43,"stat.craftingTableInteraction":21,"stat.pickup.minecraft.iron_ore":22,"stat.boatOneCm":4102,"stat.mineBlock.minecraft.leaves2":16,"stat.mineBlock.minecraft.log2":144,"stat.drop.minecraft.double_plant":2,"stat.damageTaken":8842,"stat.pickup.minecraft.feather":8,"stat.pickup.minecraft.leather":2,"stat.drop.minecraft.bone":2,"stat.mineBlock.minecraft.furnace":5,"stat.useItem.minecraft.wooden_pickaxe":19,"stat.dispenserInspected":1,"stat.killEntity.cqr_illager":20,"stat.mineBlock.biomesoplenty.plant_1":1,"stat.mineBlock.biomesoplenty.plant_0":12,"stat.pickup.minecraft.log2":144,"stat.pickup.minecraft.dye":40,"stat.pickup.minecraft.planks":25,"stat.pickup.biomesoplenty.plant_1":11,"stat.pickup.minecraft.bed":3,"tombstone:undead_killed":65,"stat.pickup.minecraft.wheat_seeds":10,"stat.drop.biomesoplenty.plant_1":6,"stat.pickup.minecraft.potato":2,"stat.useItem.forge.bucketfilled":1,"stat.useItem.cqrepoured.spear_iron":260,"stat.useItem.minecraft.stone_pickaxe":112,"stat.pickup.cqrepoured.chestplate_iron_dyable":2,"stat.damageDealt":34030,"stat.sleepInBed":4,"stat.killEntity.Cow":1,"stat.mineBlock.minecraft.dirt":44,"stat.killEntity.Pig":12,"stat.walkOneCm":396482,"stat.useItem.minecraft.chest":1,"stat.drop.cqrepoured.leggings_iron_dyable":1,"stat.pickup.cqrepoured.cursed_bone":1,"stat.pickup.minecraft.crafting_table":6,"stat.useItem.minecraft.cobblestone":13,"stat.craftItem.minecraft.crafting_table":3,"stat.mineBlock.minecraft.double_plant":9,"stat.pickup.biomesoplenty.planks_0":32,"stat.drop.minecraft.sign":2,"stat.useItem.tombstone.gift":2,"stat.drop.minecraft.leather_chestplate":1,"stat.pickup.minecraft.stone":2,"stat.shulkerBoxOpened":17,"stat.craftItem.minecraft.iron_chestplate":1,"stat.pickup.minecraft.chicken":2,"stat.mineBlock.minecraft.wool":1,"stat.pickup.minecraft.tipped_arrow":18,"stat.entityKilledBy.cqr_skeleton":3,"stat.pickup.minecraft.sapling":8,"stat.pickup.minecraft.ender_pearl":8,"stat.pickup.minecraft.apple":1,"stat.killEntity.Skeleton":4,"stat.drop.minecraft.bow":1,"stat.mineBlock.minecraft.tnt":3,"stat.craftItem.minecraft.bucket":1,"stat.mineBlock.minecraft.stonebrick":6,"stat.pickup.biomesoplenty.log_2":29,"stat.craftItem.minecraft.planks":320,"stat.killEntity.Chicken":3,"stat.killEntity.Spider":2,"stat.mobKills":137,"stat.useItem.minecraft.golden_apple":4,"stat.useItem.biomesoplenty.dirt":4,"stat.mineBlock.minecraft.leaves":5,"stat.pickup.biomesoplenty.dirt":8,"stat.entityKilledBy.cqr_necromancer":1,"stat.sneakTime":12987,"stat.pickup.minecraft.wool":6,"stat.useItem.minecraft.wooden_axe":29,"stat.pickup.minecraft.stone_slab":1,"stat.mineBlock.minecraft.stone":34,"stat.drop.minecraft.wooden_axe":1}