{"stat.pickup.minecraft.bone":1,"stat.pickup.minecraft.wooden_slab":1,"stat.leaveGame":2,"stat.mineBlock.ebwizardry.crystal_flower":19,"stat.mineBlock.minecraft.cobblestone":3,"stat.mineBlock.minecraft.brown_mushroom":5,"stat.pickup.ebwizardry.spell_book":1,"stat.mineBlock.minecraft.sandstone":1,"stat.useItem.minecraft.mutton":6,"stat.swimOneCm":56718,"stat.climbOneCm":150,"stat.pickup.minecraft.porkchop":38,"stat.drop.ebwizardry.novice_sorcery_wand":1,"stat.useItem.minecraft.dirt":12,"stat.useItem.minecraft.stone_slab2":33,"stat.mineBlock.minecraft.red_mushroom":1,"stat.pickup.minecraft.rotten_flesh":4,"stat.pickup.minecraft.sand":6,"stat.craftItem.minecraft.furnace":4,"stat.craftItem.minecraft.stone_axe":2,"stat.craftItem.minecraft.iron_boots":1,"stat.craftItem.minecraft.stone_pickaxe":2,"stat.killEntity.Enderman":1,"stat.pickup.minecraft.cobblestone":394,"stat.mineBlock.minecraft.wooden_slab":1,"stat.mineBlock.chisel.limestone2":23,"stat.flyOneCm":279419,"stat.pickup.minecraft.sandstone":1,"stat.pickup.minecraft.brown_mushroom":5,"stat.mineBlock.minecraft.sand":6,"stat.mineBlock.minecraft.iron_ore":39,"stat.timeSinceDeath":115544,"stat.useItem.minecraft.iron_pickaxe":482,"stat.craftItem.minecraft.wooden_pickaxe":1,"stat.pickup.minecraft.mutton":6,"stat.mineBlock.ebwizardry.arcane_workbench":3,"stat.pickup.ebwizardry.arcane_workbench":3,"stat.craftItem.ebwizardry.magic_crystal":21,"stat.craftItem.minecraft.bed":1,"stat.mineBlock.chisel.marble2":12,"stat.furnaceInteraction":50,"stat.drop.minecraft.dirt":2,"stat.pickup.ebwizardry.magic_crystal":109,"stat.mineBlock.minecraft.coal_ore":50,"stat.pickup.minecraft.string":4,"stat.craftItem.ebwizardry.spell_book":2,"stat.pickup.minecraft.beef":8,"stat.pickup.minecraft.furnace":4,"stat.pickup.tombstone.crafting_ingredient":2,"stat.craftItem.minecraft.stone_slab2":0,"stat.pickup.biomesoplenty.flower_1":2,"stat.sprintOneCm":332778,"stat.mineBlock.biomesoplenty.flower_1":2,"stat.craftItem.minecraft.wooden_axe":1,"stat.craftItem.minecraft.stick":20,"stat.pickup.tombstone.magic_scroll":1,"stat.killEntity.ebwizardry:evil_wizard":7,"stat.craftItem.minecraft.gold_nugget":9,"stat.craftItem.ebwizardry.magic_wand":1,"stat.mineBlock.minecraft.crafting_table":6,"stat.pickup.minecraft.emerald":23,"stat.useItem.minecraft.beef":8,"stat.killEntity.ebwizardry:wizard":1,"stat.deaths":2,"stat.drop":9,"stat.pickup.minecraft.egg":5,"stat.playOneMinute":170878,"stat.killEntity.Sheep":4,"stat.craftItem.minecraft.iron_pickaxe":2,"stat.killEntity.Zombie":3,"stat.pickup.chisel.marble2":5,"stat.mineBlock.minecraft.gold_ore":26,"stat.mineBlock.minecraft.tallgrass":4,"stat.diveOneCm":32227,"stat.chestOpened":3,"stat.drop.minecraft.wooden_pickaxe":1,"stat.useItem.minecraft.porkchop":38,"stat.useItem.minecraft.rotten_flesh":4,"stat.jump":5099,"stat.useItem.minecraft.sand":2,"stat.pickup.minecraft.coal":87,"stat.fallOneCm":63248,"stat.drop.biomesoplenty.mudball":4,"stat.drop.minecraft.stone":25,"stat.useItem.minecraft.stone_axe":138,"stat.crouchOneCm":1375,"stat.craftItem.minecraft.iron_ingot":37,"stat.craftItem.minecraft.iron_helmet":1,"stat.pickup.minecraft.dirt":19,"stat.pickup.minecraft.red_mushroom":1,"stat.craftingTableInteraction":30,"stat.pickup.minecraft.iron_ore":37,"stat.boatOneCm":196530,"stat.pickup.minecraft.gold_ore":26,"stat.mineBlock.minecraft.log2":4,"stat.pickup.minecraft.wooden_pickaxe":2,"stat.damageTaken":3943,"stat.pickup.minecraft.leather":3,"stat.mineBlock.minecraft.red_flower":2,"stat.mineBlock.biomesoplenty.mud":1,"stat.mineBlock.minecraft.furnace":4,"stat.mineBlock.minecraft.torch":1,"stat.useItem.minecraft.wooden_pickaxe":41,"stat.useItem.minecraft.furnace":2,"stat.tradedWithVillager":3,"stat.killEntity.cqr_illager":4,"stat.mineBlock.biomesoplenty.plant_0":4,"stat.pickup.ebwizardry.crystal_flower":18,"stat.pickup.minecraft.log2":4,"stat.pickup.chisel.limestone2":13,"stat.pickup.minecraft.bed":1,"tombstone:undead_killed":9,"stat.mineBlock.minecraft.gravel":2,"stat.useItem.minecraft.stone_pickaxe":256,"stat.craftItem.minecraft.iron_leggings":1,"stat.damageDealt":8050,"stat.sleepInBed":3,"stat.useItem.biomesoplenty.berries":3,"stat.killEntity.Cow":2,"stat.mineBlock.minecraft.dirt":41,"stat.killEntity.Pig":21,"stat.pickup.minecraft.boat":4,"stat.walkOneCm":554372,"stat.mineBlock.biomesoplenty.leaves_5":4,"stat.pickup.minecraft.crafting_table":6,"stat.useItem.minecraft.cobblestone":123,"stat.craftItem.minecraft.crafting_table":5,"stat.craftItem.minecraft.boat":2,"stat.mineBlock.ebwizardry.crystal_ore":9,"stat.mineBlock.minecraft.emerald_ore":23,"stat.pickup.minecraft.log":12,"stat.craftItem.minecraft.gold_ingot":26,"stat.pickup.biomesoplenty.mudball":4,"stat.pickup.minecraft.stone":51,"stat.craftItem.minecraft.iron_chestplate":1,"stat.drop.minecraft.sapling":1,"stat.pickup.minecraft.ender_pearl":1,"stat.pickup.minecraft.sapling":1,"stat.craftItem.ebwizardry.novice_sorcery_wand":1,"stat.killEntity.Skeleton":2,"stat.craftItem.minecraft.planks":52,"stat.killEntity.Spider":3,"stat.pickup.biomesoplenty.berries":4,"stat.mobKills":53,"stat.pickup.minecraft.book":3,"stat.mineBlock.minecraft.log":12,"stat.mineBlock.minecraft.bookshelf":1,"stat.useItem.minecraft.boat":5,"stat.mineBlock.minecraft.leaves":1,"stat.pickup.minecraft.torch":1,"stat.pickup.minecraft.red_flower":3,"stat.sneakTime":972,"stat.pickup.minecraft.wool":5,"stat.useItem.minecraft.wooden_axe":42,"stat.mineBlock.minecraft.stone":552}